{
  "GC=F": {
    "last": 5027.2001953125,
    "prev": 5027.7998046875,
    "chg_pct": -0.011925880072650752
  },
  "CL=F": {
    "last": 96.0999984741211,
    "prev": 96.04000091552734,
    "chg_pct": 0.062471426511669106
  },
  "DX-Y.NYB": {
    "last": 99.88700103759766,
    "prev": 99.88700103759766,
    "chg_pct": 0.0
  },
  "SPY": {
    "last": 669.030029296875,
    "prev": 668.9600219726562,
    "chg_pct": 0.010465098349570963
  },
  "QQQ": {
    "last": 600.3800048828125,
    "prev": 600.3099975585938,
    "chg_pct": 0.0116618621218143
  }
}